--
-- PostgreSQL database dump
--

\restrict te7dznlRDskqj6qSLqXqEOLoK6HxanuCVjODsXlJyipm3KRe5GUNyRoiY1JnOgi

-- Dumped from database version 15.14 (Debian 15.14-1.pgdg13+1)
-- Dumped by pg_dump version 15.14 (Debian 15.14-1.pgdg13+1)

SET statement_timeout = 0;
SET lock_timeout = 0;
SET idle_in_transaction_session_timeout = 0;
SET client_encoding = 'UTF8';
SET standard_conforming_strings = on;
SELECT pg_catalog.set_config('search_path', '', false);
SET check_function_bodies = false;
SET xmloption = content;
SET client_min_messages = warning;
SET row_security = off;

SET default_tablespace = '';

SET default_table_access_method = heap;

--
-- Name: accounts_customuser; Type: TABLE; Schema: public; Owner: orguser
--

CREATE TABLE public.accounts_customuser (
    id bigint NOT NULL,
    password character varying(128) NOT NULL,
    last_login timestamp with time zone,
    is_superuser boolean NOT NULL,
    username character varying(150) NOT NULL,
    first_name character varying(150) NOT NULL,
    last_name character varying(150) NOT NULL,
    email character varying(254) NOT NULL,
    is_staff boolean NOT NULL,
    is_active boolean NOT NULL,
    date_joined timestamp with time zone NOT NULL,
    employee_id character varying(50),
    "position" character varying(100) NOT NULL,
    department character varying(100) NOT NULL,
    phone character varying(20) NOT NULL,
    address text NOT NULL,
    salary numeric(10,2),
    join_date date,
    status character varying(20) NOT NULL,
    notes text NOT NULL,
    is_manager boolean NOT NULL
);


ALTER TABLE public.accounts_customuser OWNER TO orguser;

--
-- Name: accounts_customuser_groups; Type: TABLE; Schema: public; Owner: orguser
--

CREATE TABLE public.accounts_customuser_groups (
    id bigint NOT NULL,
    customuser_id bigint NOT NULL,
    group_id integer NOT NULL
);


ALTER TABLE public.accounts_customuser_groups OWNER TO orguser;

--
-- Name: accounts_customuser_groups_id_seq; Type: SEQUENCE; Schema: public; Owner: orguser
--

ALTER TABLE public.accounts_customuser_groups ALTER COLUMN id ADD GENERATED BY DEFAULT AS IDENTITY (
    SEQUENCE NAME public.accounts_customuser_groups_id_seq
    START WITH 1
    INCREMENT BY 1
    NO MINVALUE
    NO MAXVALUE
    CACHE 1
);


--
-- Name: accounts_customuser_id_seq; Type: SEQUENCE; Schema: public; Owner: orguser
--

ALTER TABLE public.accounts_customuser ALTER COLUMN id ADD GENERATED BY DEFAULT AS IDENTITY (
    SEQUENCE NAME public.accounts_customuser_id_seq
    START WITH 1
    INCREMENT BY 1
    NO MINVALUE
    NO MAXVALUE
    CACHE 1
);


--
-- Name: accounts_customuser_user_permissions; Type: TABLE; Schema: public; Owner: orguser
--

CREATE TABLE public.accounts_customuser_user_permissions (
    id bigint NOT NULL,
    customuser_id bigint NOT NULL,
    permission_id integer NOT NULL
);


ALTER TABLE public.accounts_customuser_user_permissions OWNER TO orguser;

--
-- Name: accounts_customuser_user_permissions_id_seq; Type: SEQUENCE; Schema: public; Owner: orguser
--

ALTER TABLE public.accounts_customuser_user_permissions ALTER COLUMN id ADD GENERATED BY DEFAULT AS IDENTITY (
    SEQUENCE NAME public.accounts_customuser_user_permissions_id_seq
    START WITH 1
    INCREMENT BY 1
    NO MINVALUE
    NO MAXVALUE
    CACHE 1
);


--
-- Name: auth_group; Type: TABLE; Schema: public; Owner: orguser
--

CREATE TABLE public.auth_group (
    id integer NOT NULL,
    name character varying(150) NOT NULL
);


ALTER TABLE public.auth_group OWNER TO orguser;

--
-- Name: auth_group_id_seq; Type: SEQUENCE; Schema: public; Owner: orguser
--

ALTER TABLE public.auth_group ALTER COLUMN id ADD GENERATED BY DEFAULT AS IDENTITY (
    SEQUENCE NAME public.auth_group_id_seq
    START WITH 1
    INCREMENT BY 1
    NO MINVALUE
    NO MAXVALUE
    CACHE 1
);


--
-- Name: auth_group_permissions; Type: TABLE; Schema: public; Owner: orguser
--

CREATE TABLE public.auth_group_permissions (
    id bigint NOT NULL,
    group_id integer NOT NULL,
    permission_id integer NOT NULL
);


ALTER TABLE public.auth_group_permissions OWNER TO orguser;

--
-- Name: auth_group_permissions_id_seq; Type: SEQUENCE; Schema: public; Owner: orguser
--

ALTER TABLE public.auth_group_permissions ALTER COLUMN id ADD GENERATED BY DEFAULT AS IDENTITY (
    SEQUENCE NAME public.auth_group_permissions_id_seq
    START WITH 1
    INCREMENT BY 1
    NO MINVALUE
    NO MAXVALUE
    CACHE 1
);


--
-- Name: auth_permission; Type: TABLE; Schema: public; Owner: orguser
--

CREATE TABLE public.auth_permission (
    id integer NOT NULL,
    name character varying(255) NOT NULL,
    content_type_id integer NOT NULL,
    codename character varying(100) NOT NULL
);


ALTER TABLE public.auth_permission OWNER TO orguser;

--
-- Name: auth_permission_id_seq; Type: SEQUENCE; Schema: public; Owner: orguser
--

ALTER TABLE public.auth_permission ALTER COLUMN id ADD GENERATED BY DEFAULT AS IDENTITY (
    SEQUENCE NAME public.auth_permission_id_seq
    START WITH 1
    INCREMENT BY 1
    NO MINVALUE
    NO MAXVALUE
    CACHE 1
);


--
-- Name: core_billclaim; Type: TABLE; Schema: public; Owner: orguser
--

CREATE TABLE public.core_billclaim (
    id bigint NOT NULL,
    amount numeric(10,2) NOT NULL,
    description text NOT NULL,
    bill_date date NOT NULL,
    status character varying(20) NOT NULL,
    attachment character varying(100),
    approval_date date,
    created_at timestamp with time zone NOT NULL,
    updated_at timestamp with time zone NOT NULL,
    approved_by_id bigint,
    expense_id bigint,
    submitter_id bigint NOT NULL
);


ALTER TABLE public.core_billclaim OWNER TO orguser;

--
-- Name: core_billclaim_id_seq; Type: SEQUENCE; Schema: public; Owner: orguser
--

ALTER TABLE public.core_billclaim ALTER COLUMN id ADD GENERATED BY DEFAULT AS IDENTITY (
    SEQUENCE NAME public.core_billclaim_id_seq
    START WITH 1
    INCREMENT BY 1
    NO MINVALUE
    NO MAXVALUE
    CACHE 1
);


--
-- Name: core_customer; Type: TABLE; Schema: public; Owner: orguser
--

CREATE TABLE public.core_customer (
    id bigint NOT NULL,
    name character varying(200) NOT NULL,
    customer_id character varying(50) NOT NULL,
    company character varying(200) NOT NULL,
    email character varying(254) NOT NULL,
    phone character varying(20) NOT NULL,
    address text NOT NULL,
    city character varying(100) NOT NULL,
    status character varying(20) NOT NULL,
    notes text NOT NULL,
    created_at timestamp with time zone NOT NULL,
    updated_at timestamp with time zone NOT NULL
);


ALTER TABLE public.core_customer OWNER TO orguser;

--
-- Name: core_customer_id_seq; Type: SEQUENCE; Schema: public; Owner: orguser
--

ALTER TABLE public.core_customer ALTER COLUMN id ADD GENERATED BY DEFAULT AS IDENTITY (
    SEQUENCE NAME public.core_customer_id_seq
    START WITH 1
    INCREMENT BY 1
    NO MINVALUE
    NO MAXVALUE
    CACHE 1
);


--
-- Name: core_expense; Type: TABLE; Schema: public; Owner: orguser
--

CREATE TABLE public.core_expense (
    id bigint NOT NULL,
    date date NOT NULL,
    category character varying(50) NOT NULL,
    description text NOT NULL,
    amount numeric(10,2) NOT NULL,
    paid_to character varying(200) NOT NULL,
    receipt_number character varying(100) NOT NULL,
    payment_method character varying(50) NOT NULL,
    notes text NOT NULL,
    created_at timestamp with time zone NOT NULL,
    updated_at timestamp with time zone NOT NULL
);


ALTER TABLE public.core_expense OWNER TO orguser;

--
-- Name: core_expense_id_seq; Type: SEQUENCE; Schema: public; Owner: orguser
--

ALTER TABLE public.core_expense ALTER COLUMN id ADD GENERATED BY DEFAULT AS IDENTITY (
    SEQUENCE NAME public.core_expense_id_seq
    START WITH 1
    INCREMENT BY 1
    NO MINVALUE
    NO MAXVALUE
    CACHE 1
);


--
-- Name: core_inventoryitem; Type: TABLE; Schema: public; Owner: orguser
--

CREATE TABLE public.core_inventoryitem (
    id bigint NOT NULL,
    part_name character varying(200) NOT NULL,
    part_code character varying(50) NOT NULL,
    description text NOT NULL,
    category character varying(100) NOT NULL,
    quantity integer NOT NULL,
    unit character varying(20) NOT NULL,
    unit_price numeric(10,2) NOT NULL,
    location character varying(100) NOT NULL,
    minimum_stock integer NOT NULL,
    supplier character varying(200) NOT NULL,
    notes text NOT NULL,
    created_at timestamp with time zone NOT NULL,
    updated_at timestamp with time zone NOT NULL
);


ALTER TABLE public.core_inventoryitem OWNER TO orguser;

--
-- Name: core_inventoryitem_id_seq; Type: SEQUENCE; Schema: public; Owner: orguser
--

ALTER TABLE public.core_inventoryitem ALTER COLUMN id ADD GENERATED BY DEFAULT AS IDENTITY (
    SEQUENCE NAME public.core_inventoryitem_id_seq
    START WITH 1
    INCREMENT BY 1
    NO MINVALUE
    NO MAXVALUE
    CACHE 1
);


--
-- Name: core_ledgerentry; Type: TABLE; Schema: public; Owner: orguser
--

CREATE TABLE public.core_ledgerentry (
    id bigint NOT NULL,
    "timestamp" timestamp with time zone NOT NULL,
    entry_type character varying(10) NOT NULL,
    source character varying(20) NOT NULL,
    reference character varying(100) NOT NULL,
    description text NOT NULL,
    amount numeric(12,2) NOT NULL
);


ALTER TABLE public.core_ledgerentry OWNER TO orguser;

--
-- Name: core_ledgerentry_id_seq; Type: SEQUENCE; Schema: public; Owner: orguser
--

ALTER TABLE public.core_ledgerentry ALTER COLUMN id ADD GENERATED BY DEFAULT AS IDENTITY (
    SEQUENCE NAME public.core_ledgerentry_id_seq
    START WITH 1
    INCREMENT BY 1
    NO MINVALUE
    NO MAXVALUE
    CACHE 1
);


--
-- Name: core_payment; Type: TABLE; Schema: public; Owner: orguser
--

CREATE TABLE public.core_payment (
    id bigint NOT NULL,
    payment_type character varying(20) NOT NULL,
    invoice_number character varying(100) NOT NULL,
    total_amount numeric(10,2) NOT NULL,
    paid_amount numeric(10,2) NOT NULL,
    payment_date date NOT NULL,
    next_payment_date date,
    status character varying(20) NOT NULL,
    payment_method character varying(50) NOT NULL,
    description text NOT NULL,
    notes text NOT NULL,
    created_at timestamp with time zone NOT NULL,
    updated_at timestamp with time zone NOT NULL,
    customer_id bigint NOT NULL
);


ALTER TABLE public.core_payment OWNER TO orguser;

--
-- Name: core_payment_id_seq; Type: SEQUENCE; Schema: public; Owner: orguser
--

ALTER TABLE public.core_payment ALTER COLUMN id ADD GENERATED BY DEFAULT AS IDENTITY (
    SEQUENCE NAME public.core_payment_id_seq
    START WITH 1
    INCREMENT BY 1
    NO MINVALUE
    NO MAXVALUE
    CACHE 1
);


--
-- Name: core_sale; Type: TABLE; Schema: public; Owner: orguser
--

CREATE TABLE public.core_sale (
    id bigint NOT NULL,
    sale_number character varying(100) NOT NULL,
    status character varying(20) NOT NULL,
    expected_installments integer NOT NULL,
    notes text NOT NULL,
    created_at timestamp with time zone NOT NULL,
    updated_at timestamp with time zone NOT NULL,
    total_amount numeric(12,2) NOT NULL,
    created_by_id bigint,
    customer_id bigint NOT NULL,
    finalized_at timestamp with time zone,
    finalized_by_id bigint,
    CONSTRAINT core_sale_expected_installments_check CHECK ((expected_installments >= 0))
);


ALTER TABLE public.core_sale OWNER TO orguser;

--
-- Name: core_sale_id_seq; Type: SEQUENCE; Schema: public; Owner: orguser
--

ALTER TABLE public.core_sale ALTER COLUMN id ADD GENERATED BY DEFAULT AS IDENTITY (
    SEQUENCE NAME public.core_sale_id_seq
    START WITH 1
    INCREMENT BY 1
    NO MINVALUE
    NO MAXVALUE
    CACHE 1
);


--
-- Name: core_saleitem; Type: TABLE; Schema: public; Owner: orguser
--

CREATE TABLE public.core_saleitem (
    id bigint NOT NULL,
    item_type character varying(20) NOT NULL,
    description character varying(255) NOT NULL,
    quantity integer NOT NULL,
    unit_price numeric(12,2) NOT NULL,
    line_total numeric(12,2) NOT NULL,
    inventory_item_id bigint,
    sale_id bigint NOT NULL,
    CONSTRAINT core_saleitem_quantity_check CHECK ((quantity >= 0))
);


ALTER TABLE public.core_saleitem OWNER TO orguser;

--
-- Name: core_saleitem_id_seq; Type: SEQUENCE; Schema: public; Owner: orguser
--

ALTER TABLE public.core_saleitem ALTER COLUMN id ADD GENERATED BY DEFAULT AS IDENTITY (
    SEQUENCE NAME public.core_saleitem_id_seq
    START WITH 1
    INCREMENT BY 1
    NO MINVALUE
    NO MAXVALUE
    CACHE 1
);


--
-- Name: core_salepayment; Type: TABLE; Schema: public; Owner: orguser
--

CREATE TABLE public.core_salepayment (
    id bigint NOT NULL,
    receipt_number character varying(100) NOT NULL,
    amount numeric(12,2) NOT NULL,
    payment_date date NOT NULL,
    method character varying(30) NOT NULL,
    notes text NOT NULL,
    created_at timestamp with time zone NOT NULL,
    updated_at timestamp with time zone NOT NULL,
    sale_id bigint NOT NULL
);


ALTER TABLE public.core_salepayment OWNER TO orguser;

--
-- Name: core_salepayment_id_seq; Type: SEQUENCE; Schema: public; Owner: orguser
--

ALTER TABLE public.core_salepayment ALTER COLUMN id ADD GENERATED BY DEFAULT AS IDENTITY (
    SEQUENCE NAME public.core_salepayment_id_seq
    START WITH 1
    INCREMENT BY 1
    NO MINVALUE
    NO MAXVALUE
    CACHE 1
);


--
-- Name: core_stockhistory; Type: TABLE; Schema: public; Owner: orguser
--

CREATE TABLE public.core_stockhistory (
    id bigint NOT NULL,
    transaction_type character varying(20) NOT NULL,
    quantity integer NOT NULL,
    previous_quantity integer NOT NULL,
    new_quantity integer NOT NULL,
    reason text NOT NULL,
    created_at timestamp with time zone NOT NULL,
    created_by character varying(100) NOT NULL,
    item_id bigint NOT NULL
);


ALTER TABLE public.core_stockhistory OWNER TO orguser;

--
-- Name: core_stockhistory_id_seq; Type: SEQUENCE; Schema: public; Owner: orguser
--

ALTER TABLE public.core_stockhistory ALTER COLUMN id ADD GENERATED BY DEFAULT AS IDENTITY (
    SEQUENCE NAME public.core_stockhistory_id_seq
    START WITH 1
    INCREMENT BY 1
    NO MINVALUE
    NO MAXVALUE
    CACHE 1
);


--
-- Name: django_admin_log; Type: TABLE; Schema: public; Owner: orguser
--

CREATE TABLE public.django_admin_log (
    id integer NOT NULL,
    action_time timestamp with time zone NOT NULL,
    object_id text,
    object_repr character varying(200) NOT NULL,
    action_flag smallint NOT NULL,
    change_message text NOT NULL,
    content_type_id integer,
    user_id bigint NOT NULL,
    CONSTRAINT django_admin_log_action_flag_check CHECK ((action_flag >= 0))
);


ALTER TABLE public.django_admin_log OWNER TO orguser;

--
-- Name: django_admin_log_id_seq; Type: SEQUENCE; Schema: public; Owner: orguser
--

ALTER TABLE public.django_admin_log ALTER COLUMN id ADD GENERATED BY DEFAULT AS IDENTITY (
    SEQUENCE NAME public.django_admin_log_id_seq
    START WITH 1
    INCREMENT BY 1
    NO MINVALUE
    NO MAXVALUE
    CACHE 1
);


--
-- Name: django_content_type; Type: TABLE; Schema: public; Owner: orguser
--

CREATE TABLE public.django_content_type (
    id integer NOT NULL,
    app_label character varying(100) NOT NULL,
    model character varying(100) NOT NULL
);


ALTER TABLE public.django_content_type OWNER TO orguser;

--
-- Name: django_content_type_id_seq; Type: SEQUENCE; Schema: public; Owner: orguser
--

ALTER TABLE public.django_content_type ALTER COLUMN id ADD GENERATED BY DEFAULT AS IDENTITY (
    SEQUENCE NAME public.django_content_type_id_seq
    START WITH 1
    INCREMENT BY 1
    NO MINVALUE
    NO MAXVALUE
    CACHE 1
);


--
-- Name: django_migrations; Type: TABLE; Schema: public; Owner: orguser
--

CREATE TABLE public.django_migrations (
    id bigint NOT NULL,
    app character varying(255) NOT NULL,
    name character varying(255) NOT NULL,
    applied timestamp with time zone NOT NULL
);


ALTER TABLE public.django_migrations OWNER TO orguser;

--
-- Name: django_migrations_id_seq; Type: SEQUENCE; Schema: public; Owner: orguser
--

ALTER TABLE public.django_migrations ALTER COLUMN id ADD GENERATED BY DEFAULT AS IDENTITY (
    SEQUENCE NAME public.django_migrations_id_seq
    START WITH 1
    INCREMENT BY 1
    NO MINVALUE
    NO MAXVALUE
    CACHE 1
);


--
-- Name: django_session; Type: TABLE; Schema: public; Owner: orguser
--

CREATE TABLE public.django_session (
    session_key character varying(40) NOT NULL,
    session_data text NOT NULL,
    expire_date timestamp with time zone NOT NULL
);


ALTER TABLE public.django_session OWNER TO orguser;

--
-- Data for Name: accounts_customuser; Type: TABLE DATA; Schema: public; Owner: orguser
--

COPY public.accounts_customuser (id, password, last_login, is_superuser, username, first_name, last_name, email, is_staff, is_active, date_joined, employee_id, "position", department, phone, address, salary, join_date, status, notes, is_manager) FROM stdin;
3	pbkdf2_sha256$600000$f9XqFjysWIwmBOCsV2Zxra$+DRzpBVPUxvNFpq2rexLCWgyFXag0ira2Nce2POSnp0=	2025-11-04 15:14:16.900443+00	f	test-employee				f	t	2025-11-04 09:58:03+00	EMP-EBDD8B2E					\N	2025-11-04	active		f
2	pbkdf2_sha256$600000$WjD4LTTjkj4Wmcje82rMUq$EDQRMfUAZ9jwFxmTq0coL9CmH5YjnEo5NoOYELsFfOQ=	2025-11-04 15:16:06.379491+00	f	Mehedi	ghgdc	hgfadugvcd	hgfdyugdc@gamil.com	f	t	2025-11-04 09:07:06+00	EMP-8610A651					\N	2025-11-04	active		t
1	pbkdf2_sha256$600000$fK6ZeedKznmRcb5pC7MSXB$NJtBkRFQ6wxB/sWNk4/2NrmAyWs6eEIZvrfrGIW8hdc=	2025-11-08 10:59:04.417446+00	t	admin				t	t	2025-11-04 08:48:38.176428+00	EMP-AB9557B5					\N	\N	active		f
\.


--
-- Data for Name: accounts_customuser_groups; Type: TABLE DATA; Schema: public; Owner: orguser
--

COPY public.accounts_customuser_groups (id, customuser_id, group_id) FROM stdin;
1	2	1
2	3	2
\.


--
-- Data for Name: accounts_customuser_user_permissions; Type: TABLE DATA; Schema: public; Owner: orguser
--

COPY public.accounts_customuser_user_permissions (id, customuser_id, permission_id) FROM stdin;
\.


--
-- Data for Name: auth_group; Type: TABLE DATA; Schema: public; Owner: orguser
--

COPY public.auth_group (id, name) FROM stdin;
1	Management
2	Employee
\.


--
-- Data for Name: auth_group_permissions; Type: TABLE DATA; Schema: public; Owner: orguser
--

COPY public.auth_group_permissions (id, group_id, permission_id) FROM stdin;
1	1	32
2	1	33
3	1	34
4	1	36
5	1	37
6	1	38
7	1	40
8	1	41
9	1	44
10	1	21
11	1	22
12	1	24
13	1	25
14	1	26
15	1	28
16	1	29
17	1	30
18	2	32
19	2	33
20	2	34
21	2	36
22	2	37
23	2	38
24	2	40
25	2	41
26	2	44
27	2	21
28	2	24
29	2	25
30	2	28
31	2	29
32	2	30
\.


--
-- Data for Name: auth_permission; Type: TABLE DATA; Schema: public; Owner: orguser
--

COPY public.auth_permission (id, name, content_type_id, codename) FROM stdin;
1	Can add log entry	1	add_logentry
2	Can change log entry	1	change_logentry
3	Can delete log entry	1	delete_logentry
4	Can view log entry	1	view_logentry
5	Can add permission	2	add_permission
6	Can change permission	2	change_permission
7	Can delete permission	2	delete_permission
8	Can view permission	2	view_permission
9	Can add group	3	add_group
10	Can change group	3	change_group
11	Can delete group	3	delete_group
12	Can view group	3	view_group
13	Can add content type	4	add_contenttype
14	Can change content type	4	change_contenttype
15	Can delete content type	4	delete_contenttype
16	Can view content type	4	view_contenttype
17	Can add session	5	add_session
18	Can change session	5	change_session
19	Can delete session	5	delete_session
20	Can view session	5	view_session
21	Can add Customer	6	add_customer
22	Can change Customer	6	change_customer
23	Can delete Customer	6	delete_customer
24	Can view Customer	6	view_customer
25	Can add Expense	7	add_expense
26	Can change Expense	7	change_expense
27	Can delete Expense	7	delete_expense
28	Can view Expense	7	view_expense
29	Can add Inventory Item	8	add_inventoryitem
30	Can change Inventory Item	8	change_inventoryitem
31	Can delete Inventory Item	8	delete_inventoryitem
32	Can view Inventory Item	8	view_inventoryitem
33	Can add Stock History	9	add_stockhistory
34	Can change Stock History	9	change_stockhistory
35	Can delete Stock History	9	delete_stockhistory
36	Can view Stock History	9	view_stockhistory
37	Can add Payment	10	add_payment
38	Can change Payment	10	change_payment
39	Can delete Payment	10	delete_payment
40	Can view Payment	10	view_payment
41	Can add Bill Claim	11	add_billclaim
42	Can change Bill Claim	11	change_billclaim
43	Can delete Bill Claim	11	delete_billclaim
44	Can view Bill Claim	11	view_billclaim
45	Can add user	12	add_customuser
46	Can change user	12	change_customuser
47	Can delete user	12	delete_customuser
48	Can view user	12	view_customuser
49	Can view Customers menu	13	view_customers_menu
50	Can view Inventory menu	13	view_inventory_menu
51	Can view Expenses menu	13	view_expenses_menu
52	Can view Payments menu	13	view_payments_menu
53	Can view Reports menu	13	view_reports_menu
54	Can submit bill	13	submit_bill
55	Can view my bills	13	view_my_bills
56	Can review bills	13	review_bills
57	Can view Sales menu	13	view_sales_menu
58	Can finalize a sale	13	finalize_sale
\.


--
-- Data for Name: core_billclaim; Type: TABLE DATA; Schema: public; Owner: orguser
--

COPY public.core_billclaim (id, amount, description, bill_date, status, attachment, approval_date, created_at, updated_at, approved_by_id, expense_id, submitter_id) FROM stdin;
2	500.00	Shyamili to banani jaoua	2025-11-04	approved	bill_attachments/QUOTATION_MACHINE.pdf	2025-11-04	2025-11-04 15:09:18.219757+00	2025-11-04 15:16:26.296749+00	2	3	1
1	350.00	uber ( Mohammadpur to  banani	2025-11-04	approved	bill_attachments/784-810.pdf	2025-11-04	2025-11-04 10:06:14.839101+00	2025-11-04 15:16:35.404794+00	2	4	3
3	5000.00	Bill	2025-11-08	pending	bill_attachments/logo-2025325_1_1.png	\N	2025-11-08 11:31:15.75489+00	2025-11-08 11:31:15.754919+00	\N	\N	1
\.


--
-- Data for Name: core_customer; Type: TABLE DATA; Schema: public; Owner: orguser
--

COPY public.core_customer (id, name, customer_id, company, email, phone, address, city, status, notes, created_at, updated_at) FROM stdin;
1	Test	CUST-FAA30DF5	Test	test@test.com	696969696996969696	test@test.com	Dhaka	active		2025-11-04 09:03:18.676137+00	2025-11-04 09:43:49.838692+00
2	Test Customer	CUST-419A2A1E	ABC	h3wu3xpvwa@tidissajiiu.com	01787476336	Tambaram East	Dhaka	active		2025-11-04 09:59:54.767542+00	2025-11-04 09:59:54.767579+00
\.


--
-- Data for Name: core_expense; Type: TABLE DATA; Schema: public; Owner: orguser
--

COPY public.core_expense (id, date, category, description, amount, paid_to, receipt_number, payment_method, notes, created_at, updated_at) FROM stdin;
2	2025-11-04	maintenance	Singara anchi office er jonno	500.00	Mijan	01	Cash	dgjvgvsgdv	2025-11-04 15:03:38.438507+00	2025-11-04 15:03:38.438518+00
3	2025-11-04	other	Bill Claim by admin: Shyamili to banani jaoua	500.00	admin		bank_transfer	Approved bill claim (ID: 2)	2025-11-04 15:16:26.295047+00	2025-11-04 15:16:26.295063+00
4	2025-11-04	other	Bill Claim by test-employee: uber ( Mohammadpur to  banani	350.00	test-employee		bank_transfer	Approved bill claim (ID: 1)	2025-11-04 15:16:35.403342+00	2025-11-04 15:16:35.403351+00
5	2025-11-08	utilities	Mehedi Expence	5000.00					2025-11-08 11:27:23.006826+00	2025-11-08 11:27:23.00684+00
\.


--
-- Data for Name: core_inventoryitem; Type: TABLE DATA; Schema: public; Owner: orguser
--

COPY public.core_inventoryitem (id, part_name, part_code, description, category, quantity, unit, unit_price, location, minimum_stock, supplier, notes, created_at, updated_at) FROM stdin;
1	Engine Disk	ED001	AAAAA	Motor	500	pcs	2500.00	Dhaka	10	VBC Corporation		2025-11-04 10:01:39.811818+00	2025-11-04 10:01:39.811831+00
2	Sequin device	P609	Import from China	Device	500	pcs	2100.00		10	China		2025-11-04 15:20:52.324209+00	2025-11-04 15:20:52.324222+00
\.


--
-- Data for Name: core_ledgerentry; Type: TABLE DATA; Schema: public; Owner: orguser
--

COPY public.core_ledgerentry (id, "timestamp", entry_type, source, reference, description, amount) FROM stdin;
\.


--
-- Data for Name: core_payment; Type: TABLE DATA; Schema: public; Owner: orguser
--

COPY public.core_payment (id, payment_type, invoice_number, total_amount, paid_amount, payment_date, next_payment_date, status, payment_method, description, notes, created_at, updated_at, customer_id) FROM stdin;
2	installment	INV-20251104-73C380	50000.00	20000.00	2025-11-04	2025-11-04	pending	Bank Transfer			2025-11-04 10:04:53.195651+00	2025-11-04 14:56:15.702294+00	2
\.


--
-- Data for Name: core_sale; Type: TABLE DATA; Schema: public; Owner: orguser
--

COPY public.core_sale (id, sale_number, status, expected_installments, notes, created_at, updated_at, total_amount, created_by_id, customer_id, finalized_at, finalized_by_id) FROM stdin;
\.


--
-- Data for Name: core_saleitem; Type: TABLE DATA; Schema: public; Owner: orguser
--

COPY public.core_saleitem (id, item_type, description, quantity, unit_price, line_total, inventory_item_id, sale_id) FROM stdin;
\.


--
-- Data for Name: core_salepayment; Type: TABLE DATA; Schema: public; Owner: orguser
--

COPY public.core_salepayment (id, receipt_number, amount, payment_date, method, notes, created_at, updated_at, sale_id) FROM stdin;
\.


--
-- Data for Name: core_stockhistory; Type: TABLE DATA; Schema: public; Owner: orguser
--

COPY public.core_stockhistory (id, transaction_type, quantity, previous_quantity, new_quantity, reason, created_at, created_by, item_id) FROM stdin;
\.


--
-- Data for Name: django_admin_log; Type: TABLE DATA; Schema: public; Owner: orguser
--

COPY public.django_admin_log (id, action_time, object_id, object_repr, action_flag, change_message, content_type_id, user_id) FROM stdin;
1	2025-11-04 09:07:07.108369+00	2	emarat	1	[{"added": {}}]	12	1
2	2025-11-04 09:52:43.324298+00	1	Management	1	[{"added": {}}]	3	1
3	2025-11-04 09:53:03.042829+00	2	emarat	2	[{"changed": {"fields": ["Groups"]}}]	12	1
4	2025-11-04 09:53:59.354322+00	2	Employee	1	[{"added": {}}]	3	1
5	2025-11-04 09:58:04.059527+00	3	test-employee	1	[{"added": {}}]	12	1
6	2025-11-04 09:58:26.406042+00	3	test-employee	2	[{"changed": {"fields": ["Groups"]}}]	12	1
7	2025-11-04 09:58:33.485901+00	2	emarat	2	[{"changed": {"fields": ["Is manager"]}}]	12	1
8	2025-11-04 15:12:34.703793+00	2	Mehedi	2	[{"changed": {"fields": ["Username", "First name", "Last name", "Email address"]}}]	12	1
\.


--
-- Data for Name: django_content_type; Type: TABLE DATA; Schema: public; Owner: orguser
--

COPY public.django_content_type (id, app_label, model) FROM stdin;
1	admin	logentry
2	auth	permission
3	auth	group
4	contenttypes	contenttype
5	sessions	session
6	core	customer
7	core	expense
8	core	inventoryitem
9	core	stockhistory
10	core	payment
11	core	billclaim
12	accounts	customuser
13	core	accesscontrol
\.


--
-- Data for Name: django_migrations; Type: TABLE DATA; Schema: public; Owner: orguser
--

COPY public.django_migrations (id, app, name, applied) FROM stdin;
1	contenttypes	0001_initial	2025-11-04 06:40:48.774796+00
2	contenttypes	0002_remove_content_type_name	2025-11-04 06:40:48.781392+00
3	auth	0001_initial	2025-11-04 06:40:48.816413+00
4	auth	0002_alter_permission_name_max_length	2025-11-04 06:40:48.821408+00
5	auth	0003_alter_user_email_max_length	2025-11-04 06:40:48.827206+00
6	auth	0004_alter_user_username_opts	2025-11-04 06:40:48.833253+00
7	auth	0005_alter_user_last_login_null	2025-11-04 06:40:48.839196+00
8	auth	0006_require_contenttypes_0002	2025-11-04 06:40:48.841473+00
9	auth	0007_alter_validators_add_error_messages	2025-11-04 06:40:48.846904+00
10	auth	0008_alter_user_username_max_length	2025-11-04 06:40:48.85234+00
11	auth	0009_alter_user_last_name_max_length	2025-11-04 06:40:48.857727+00
12	auth	0010_alter_group_name_max_length	2025-11-04 06:40:48.864594+00
13	auth	0011_update_proxy_permissions	2025-11-04 06:40:48.870217+00
14	auth	0012_alter_user_first_name_max_length	2025-11-04 06:40:48.877381+00
15	accounts	0001_initial	2025-11-04 06:40:48.917201+00
16	accounts	0002_customuser_is_manager	2025-11-04 06:40:48.925622+00
17	admin	0001_initial	2025-11-04 06:40:48.945775+00
18	admin	0002_logentry_remove_auto_add	2025-11-04 06:40:48.954043+00
19	admin	0003_logentry_add_action_flag_choices	2025-11-04 06:40:48.962095+00
20	core	0001_initial	2025-11-04 06:40:49.05221+00
21	core	0002_migrate_employee_data	2025-11-04 06:40:49.068656+00
22	core	0003_add_submitter_to_billclaim	2025-11-04 06:40:49.084891+00
23	core	0004_populate_submitter	2025-11-04 06:40:49.101119+00
24	core	0005_remove_employee_and_make_submitter_non_nullable	2025-11-04 06:40:49.139872+00
25	core	0006_squashed_migrations	2025-11-04 06:40:49.143421+00
26	core	0007_squashed_migrations	2025-11-04 06:40:49.145526+00
27	sessions	0001_initial	2025-11-04 06:40:49.15615+00
28	core	0008_custom_permissions	2025-11-09 09:20:05.354168+00
29	core	0009_sale_saleitem	2025-11-09 09:20:05.423285+00
30	core	0010_salepayment	2025-11-09 09:20:05.452051+00
31	core	0011_sale_finalized_at_sale_finalized_by	2025-11-09 09:20:05.483345+00
32	core	0012_sales_permissions	2025-11-09 09:20:05.507885+00
33	core	0013_alter_sale_status_ledgerentry	2025-11-09 09:20:05.517413+00
34	core	0014_alter_ledgerentry_options_and_more	2025-11-09 09:20:05.519897+00
35	core	0015_alter_ledgerentry_options_alter_ledgerentry_amount	2025-11-09 09:20:05.525172+00
\.


--
-- Data for Name: django_session; Type: TABLE DATA; Schema: public; Owner: orguser
--

COPY public.django_session (session_key, session_data, expire_date) FROM stdin;
maiho6kruzmuwqksgpilcevp606olj3v	.eJxVjEEOwiAQRe_C2pAyFMi4dO8ZyAxDpWogKe3KeHdt0oVu_3vvv1SkbS1x63mJs6izMur0uzGlR647kDvVW9Op1XWZWe-KPmjX1yb5eTncv4NCvXxrB04gIAAPMvqB0DNNEFgmEEBJRJ5HF9AnsYEMgEPjMkCwggksq_cH2q43lw:1vGCw8:pnG58aKbd-u4HKUVuTPKNC9SQDpjVJj0TNEZbJkEAIc	2025-11-18 09:02:44.890438+00
zuiaf622xq1h9vvrxfgtobbwl0j7uhoh	.eJxVjMEOwiAQRP-FsyGwQgsevfcbCLssUjU0Ke3J-O9K0oOeJpn3Zl4ixH0rYW-8hjmJiwBx-u0w0oNrB-ke622RtNRtnVF2RR60yWlJ_Lwe7t9Bia309dlitt6DzsYRGJW-CQMp0GN0Sjsk0MTGecUOkDMPY8YMgMoyJRbvD9YUODE:1vGD1F:QKODAf1-et1qxYNBK8q04_Q24bo82kkwG73ivGF9exc	2025-11-18 09:08:01.014343+00
khgf3c8p0je4jo4epusmihdfr1o1xxh1	.eJxVjEEOwiAQRe_C2pAyFMi4dO8ZyAxDpWogKe3KeHdt0oVu_3vvv1SkbS1x63mJs6izMur0uzGlR647kDvVW9Op1XWZWe-KPmjX1yb5eTncv4NCvXxrB04gIAAPMvqB0DNNEFgmEEBJRJ5HF9AnsYEMgEPjMkCwggksq_cH2q43lw:1vGDYt:7RvYljTbsLzIir9CpoFgDvpgFkdlLXZtcfoZiQv1lbo	2025-11-18 09:42:47.017416+00
ngro8t5h5z55cqhuzs2nnsmexq0j9co9	.eJxVjEEOwiAQRe_C2pAyFMi4dO8ZyAxDpWogKe3KeHdt0oVu_3vvv1SkbS1x63mJs6izMur0uzGlR647kDvVW9Op1XWZWe-KPmjX1yb5eTncv4NCvXxrB04gIAAPMvqB0DNNEFgmEEBJRJ5HF9AnsYEMgEPjMkCwggksq_cH2q43lw:1vGDky:DYiYN8-x0HdcPjEWi9IzpaVF8XB3IGYmAc-jWAjyJ1I	2025-11-18 09:55:16.775843+00
ayuvqkfp8ibriius3vaoo7m3rj0lt0yl	.eJxVjDsOwyAQBe9CHaHlZ0PK9D4DWmAJTiKQjF1FuXtsyUXSvpl5b-ZxW4vfOi1-TuzKFLv8bgHjk-oB0gPrvfHY6rrMgR8KP2nnU0v0up3u30HBXvY6D9JFMjIKMEgoKBkCF3RMO9EDBKvB5RHRBpHAqWi1hgxo5KiAsmWfL_QGN_Y:1vGDop:cQi8uqksxWEMqUzQJ7MebCE3B5pnNhs9hDXM0dMcZzg	2025-11-18 09:59:15.798031+00
o9tifq78l30hxyugqycncpbfg8yfenka	.eJxVjMEOwiAQRP-FsyGwQgsevfcbCLssUjU0Ke3J-O9K0oOeJpn3Zl4ixH0rYW-8hjmJiwBx-u0w0oNrB-ke622RtNRtnVF2RR60yWlJ_Lwe7t9Bia309dlitt6DzsYRGJW-CQMp0GN0Sjsk0MTGecUOkDMPY8YMgMoyJRbvD9YUODE:1vGIlS:nDlDk8iP3cZSJAO9gkH5cw9powrmuxTz3gHxu5RYSwU	2025-11-18 15:16:06.381549+00
9lrs93zfvgcjekq5szvo8k8funj8mq5y	.eJxVjEEOwiAQRe_C2pAyFMi4dO8ZyAxDpWogKe3KeHdt0oVu_3vvv1SkbS1x63mJs6izMur0uzGlR647kDvVW9Op1XWZWe-KPmjX1yb5eTncv4NCvXxrB04gIAAPMvqB0DNNEFgmEEBJRJ5HF9AnsYEMgEPjMkCwggksq_cH2q43lw:1vHgeu:nf-RFC2ylQ4i30PTUR99bPzPB20TPoj0sRgP1xIuPBs	2025-11-22 10:59:04.419841+00
\.


--
-- Name: accounts_customuser_groups_id_seq; Type: SEQUENCE SET; Schema: public; Owner: orguser
--

SELECT pg_catalog.setval('public.accounts_customuser_groups_id_seq', 2, true);


--
-- Name: accounts_customuser_id_seq; Type: SEQUENCE SET; Schema: public; Owner: orguser
--

SELECT pg_catalog.setval('public.accounts_customuser_id_seq', 3, true);


--
-- Name: accounts_customuser_user_permissions_id_seq; Type: SEQUENCE SET; Schema: public; Owner: orguser
--

SELECT pg_catalog.setval('public.accounts_customuser_user_permissions_id_seq', 1, false);


--
-- Name: auth_group_id_seq; Type: SEQUENCE SET; Schema: public; Owner: orguser
--

SELECT pg_catalog.setval('public.auth_group_id_seq', 2, true);


--
-- Name: auth_group_permissions_id_seq; Type: SEQUENCE SET; Schema: public; Owner: orguser
--

SELECT pg_catalog.setval('public.auth_group_permissions_id_seq', 32, true);


--
-- Name: auth_permission_id_seq; Type: SEQUENCE SET; Schema: public; Owner: orguser
--

SELECT pg_catalog.setval('public.auth_permission_id_seq', 58, true);


--
-- Name: core_billclaim_id_seq; Type: SEQUENCE SET; Schema: public; Owner: orguser
--

SELECT pg_catalog.setval('public.core_billclaim_id_seq', 3, true);


--
-- Name: core_customer_id_seq; Type: SEQUENCE SET; Schema: public; Owner: orguser
--

SELECT pg_catalog.setval('public.core_customer_id_seq', 2, true);


--
-- Name: core_expense_id_seq; Type: SEQUENCE SET; Schema: public; Owner: orguser
--

SELECT pg_catalog.setval('public.core_expense_id_seq', 5, true);


--
-- Name: core_inventoryitem_id_seq; Type: SEQUENCE SET; Schema: public; Owner: orguser
--

SELECT pg_catalog.setval('public.core_inventoryitem_id_seq', 2, true);


--
-- Name: core_ledgerentry_id_seq; Type: SEQUENCE SET; Schema: public; Owner: orguser
--

SELECT pg_catalog.setval('public.core_ledgerentry_id_seq', 1, false);


--
-- Name: core_payment_id_seq; Type: SEQUENCE SET; Schema: public; Owner: orguser
--

SELECT pg_catalog.setval('public.core_payment_id_seq', 2, true);


--
-- Name: core_sale_id_seq; Type: SEQUENCE SET; Schema: public; Owner: orguser
--

SELECT pg_catalog.setval('public.core_sale_id_seq', 1, false);


--
-- Name: core_saleitem_id_seq; Type: SEQUENCE SET; Schema: public; Owner: orguser
--

SELECT pg_catalog.setval('public.core_saleitem_id_seq', 1, false);


--
-- Name: core_salepayment_id_seq; Type: SEQUENCE SET; Schema: public; Owner: orguser
--

SELECT pg_catalog.setval('public.core_salepayment_id_seq', 1, false);


--
-- Name: core_stockhistory_id_seq; Type: SEQUENCE SET; Schema: public; Owner: orguser
--

SELECT pg_catalog.setval('public.core_stockhistory_id_seq', 1, false);


--
-- Name: django_admin_log_id_seq; Type: SEQUENCE SET; Schema: public; Owner: orguser
--

SELECT pg_catalog.setval('public.django_admin_log_id_seq', 8, true);


--
-- Name: django_content_type_id_seq; Type: SEQUENCE SET; Schema: public; Owner: orguser
--

SELECT pg_catalog.setval('public.django_content_type_id_seq', 13, true);


--
-- Name: django_migrations_id_seq; Type: SEQUENCE SET; Schema: public; Owner: orguser
--

SELECT pg_catalog.setval('public.django_migrations_id_seq', 35, true);


--
-- Name: accounts_customuser accounts_customuser_employee_id_key; Type: CONSTRAINT; Schema: public; Owner: orguser
--

ALTER TABLE ONLY public.accounts_customuser
    ADD CONSTRAINT accounts_customuser_employee_id_key UNIQUE (employee_id);


--
-- Name: accounts_customuser_groups accounts_customuser_groups_customuser_id_group_id_c074bdcb_uniq; Type: CONSTRAINT; Schema: public; Owner: orguser
--

ALTER TABLE ONLY public.accounts_customuser_groups
    ADD CONSTRAINT accounts_customuser_groups_customuser_id_group_id_c074bdcb_uniq UNIQUE (customuser_id, group_id);


--
-- Name: accounts_customuser_groups accounts_customuser_groups_pkey; Type: CONSTRAINT; Schema: public; Owner: orguser
--

ALTER TABLE ONLY public.accounts_customuser_groups
    ADD CONSTRAINT accounts_customuser_groups_pkey PRIMARY KEY (id);


--
-- Name: accounts_customuser accounts_customuser_pkey; Type: CONSTRAINT; Schema: public; Owner: orguser
--

ALTER TABLE ONLY public.accounts_customuser
    ADD CONSTRAINT accounts_customuser_pkey PRIMARY KEY (id);


--
-- Name: accounts_customuser_user_permissions accounts_customuser_user_customuser_id_permission_9632a709_uniq; Type: CONSTRAINT; Schema: public; Owner: orguser
--

ALTER TABLE ONLY public.accounts_customuser_user_permissions
    ADD CONSTRAINT accounts_customuser_user_customuser_id_permission_9632a709_uniq UNIQUE (customuser_id, permission_id);


--
-- Name: accounts_customuser_user_permissions accounts_customuser_user_permissions_pkey; Type: CONSTRAINT; Schema: public; Owner: orguser
--

ALTER TABLE ONLY public.accounts_customuser_user_permissions
    ADD CONSTRAINT accounts_customuser_user_permissions_pkey PRIMARY KEY (id);


--
-- Name: accounts_customuser accounts_customuser_username_key; Type: CONSTRAINT; Schema: public; Owner: orguser
--

ALTER TABLE ONLY public.accounts_customuser
    ADD CONSTRAINT accounts_customuser_username_key UNIQUE (username);


--
-- Name: auth_group auth_group_name_key; Type: CONSTRAINT; Schema: public; Owner: orguser
--

ALTER TABLE ONLY public.auth_group
    ADD CONSTRAINT auth_group_name_key UNIQUE (name);


--
-- Name: auth_group_permissions auth_group_permissions_group_id_permission_id_0cd325b0_uniq; Type: CONSTRAINT; Schema: public; Owner: orguser
--

ALTER TABLE ONLY public.auth_group_permissions
    ADD CONSTRAINT auth_group_permissions_group_id_permission_id_0cd325b0_uniq UNIQUE (group_id, permission_id);


--
-- Name: auth_group_permissions auth_group_permissions_pkey; Type: CONSTRAINT; Schema: public; Owner: orguser
--

ALTER TABLE ONLY public.auth_group_permissions
    ADD CONSTRAINT auth_group_permissions_pkey PRIMARY KEY (id);


--
-- Name: auth_group auth_group_pkey; Type: CONSTRAINT; Schema: public; Owner: orguser
--

ALTER TABLE ONLY public.auth_group
    ADD CONSTRAINT auth_group_pkey PRIMARY KEY (id);


--
-- Name: auth_permission auth_permission_content_type_id_codename_01ab375a_uniq; Type: CONSTRAINT; Schema: public; Owner: orguser
--

ALTER TABLE ONLY public.auth_permission
    ADD CONSTRAINT auth_permission_content_type_id_codename_01ab375a_uniq UNIQUE (content_type_id, codename);


--
-- Name: auth_permission auth_permission_pkey; Type: CONSTRAINT; Schema: public; Owner: orguser
--

ALTER TABLE ONLY public.auth_permission
    ADD CONSTRAINT auth_permission_pkey PRIMARY KEY (id);


--
-- Name: core_billclaim core_billclaim_pkey; Type: CONSTRAINT; Schema: public; Owner: orguser
--

ALTER TABLE ONLY public.core_billclaim
    ADD CONSTRAINT core_billclaim_pkey PRIMARY KEY (id);


--
-- Name: core_customer core_customer_customer_id_key; Type: CONSTRAINT; Schema: public; Owner: orguser
--

ALTER TABLE ONLY public.core_customer
    ADD CONSTRAINT core_customer_customer_id_key UNIQUE (customer_id);


--
-- Name: core_customer core_customer_pkey; Type: CONSTRAINT; Schema: public; Owner: orguser
--

ALTER TABLE ONLY public.core_customer
    ADD CONSTRAINT core_customer_pkey PRIMARY KEY (id);


--
-- Name: core_expense core_expense_pkey; Type: CONSTRAINT; Schema: public; Owner: orguser
--

ALTER TABLE ONLY public.core_expense
    ADD CONSTRAINT core_expense_pkey PRIMARY KEY (id);


--
-- Name: core_inventoryitem core_inventoryitem_part_code_key; Type: CONSTRAINT; Schema: public; Owner: orguser
--

ALTER TABLE ONLY public.core_inventoryitem
    ADD CONSTRAINT core_inventoryitem_part_code_key UNIQUE (part_code);


--
-- Name: core_inventoryitem core_inventoryitem_pkey; Type: CONSTRAINT; Schema: public; Owner: orguser
--

ALTER TABLE ONLY public.core_inventoryitem
    ADD CONSTRAINT core_inventoryitem_pkey PRIMARY KEY (id);


--
-- Name: core_ledgerentry core_ledgerentry_pkey; Type: CONSTRAINT; Schema: public; Owner: orguser
--

ALTER TABLE ONLY public.core_ledgerentry
    ADD CONSTRAINT core_ledgerentry_pkey PRIMARY KEY (id);


--
-- Name: core_payment core_payment_invoice_number_key; Type: CONSTRAINT; Schema: public; Owner: orguser
--

ALTER TABLE ONLY public.core_payment
    ADD CONSTRAINT core_payment_invoice_number_key UNIQUE (invoice_number);


--
-- Name: core_payment core_payment_pkey; Type: CONSTRAINT; Schema: public; Owner: orguser
--

ALTER TABLE ONLY public.core_payment
    ADD CONSTRAINT core_payment_pkey PRIMARY KEY (id);


--
-- Name: core_sale core_sale_pkey; Type: CONSTRAINT; Schema: public; Owner: orguser
--

ALTER TABLE ONLY public.core_sale
    ADD CONSTRAINT core_sale_pkey PRIMARY KEY (id);


--
-- Name: core_sale core_sale_sale_number_key; Type: CONSTRAINT; Schema: public; Owner: orguser
--

ALTER TABLE ONLY public.core_sale
    ADD CONSTRAINT core_sale_sale_number_key UNIQUE (sale_number);


--
-- Name: core_saleitem core_saleitem_pkey; Type: CONSTRAINT; Schema: public; Owner: orguser
--

ALTER TABLE ONLY public.core_saleitem
    ADD CONSTRAINT core_saleitem_pkey PRIMARY KEY (id);


--
-- Name: core_salepayment core_salepayment_pkey; Type: CONSTRAINT; Schema: public; Owner: orguser
--

ALTER TABLE ONLY public.core_salepayment
    ADD CONSTRAINT core_salepayment_pkey PRIMARY KEY (id);


--
-- Name: core_salepayment core_salepayment_receipt_number_key; Type: CONSTRAINT; Schema: public; Owner: orguser
--

ALTER TABLE ONLY public.core_salepayment
    ADD CONSTRAINT core_salepayment_receipt_number_key UNIQUE (receipt_number);


--
-- Name: core_stockhistory core_stockhistory_pkey; Type: CONSTRAINT; Schema: public; Owner: orguser
--

ALTER TABLE ONLY public.core_stockhistory
    ADD CONSTRAINT core_stockhistory_pkey PRIMARY KEY (id);


--
-- Name: django_admin_log django_admin_log_pkey; Type: CONSTRAINT; Schema: public; Owner: orguser
--

ALTER TABLE ONLY public.django_admin_log
    ADD CONSTRAINT django_admin_log_pkey PRIMARY KEY (id);


--
-- Name: django_content_type django_content_type_app_label_model_76bd3d3b_uniq; Type: CONSTRAINT; Schema: public; Owner: orguser
--

ALTER TABLE ONLY public.django_content_type
    ADD CONSTRAINT django_content_type_app_label_model_76bd3d3b_uniq UNIQUE (app_label, model);


--
-- Name: django_content_type django_content_type_pkey; Type: CONSTRAINT; Schema: public; Owner: orguser
--

ALTER TABLE ONLY public.django_content_type
    ADD CONSTRAINT django_content_type_pkey PRIMARY KEY (id);


--
-- Name: django_migrations django_migrations_pkey; Type: CONSTRAINT; Schema: public; Owner: orguser
--

ALTER TABLE ONLY public.django_migrations
    ADD CONSTRAINT django_migrations_pkey PRIMARY KEY (id);


--
-- Name: django_session django_session_pkey; Type: CONSTRAINT; Schema: public; Owner: orguser
--

ALTER TABLE ONLY public.django_session
    ADD CONSTRAINT django_session_pkey PRIMARY KEY (session_key);


--
-- Name: accounts_customuser_employee_id_f45f7e0f_like; Type: INDEX; Schema: public; Owner: orguser
--

CREATE INDEX accounts_customuser_employee_id_f45f7e0f_like ON public.accounts_customuser USING btree (employee_id varchar_pattern_ops);


--
-- Name: accounts_customuser_groups_customuser_id_bc55088e; Type: INDEX; Schema: public; Owner: orguser
--

CREATE INDEX accounts_customuser_groups_customuser_id_bc55088e ON public.accounts_customuser_groups USING btree (customuser_id);


--
-- Name: accounts_customuser_groups_group_id_86ba5f9e; Type: INDEX; Schema: public; Owner: orguser
--

CREATE INDEX accounts_customuser_groups_group_id_86ba5f9e ON public.accounts_customuser_groups USING btree (group_id);


--
-- Name: accounts_customuser_user_permissions_customuser_id_0deaefae; Type: INDEX; Schema: public; Owner: orguser
--

CREATE INDEX accounts_customuser_user_permissions_customuser_id_0deaefae ON public.accounts_customuser_user_permissions USING btree (customuser_id);


--
-- Name: accounts_customuser_user_permissions_permission_id_aea3d0e5; Type: INDEX; Schema: public; Owner: orguser
--

CREATE INDEX accounts_customuser_user_permissions_permission_id_aea3d0e5 ON public.accounts_customuser_user_permissions USING btree (permission_id);


--
-- Name: accounts_customuser_username_722f3555_like; Type: INDEX; Schema: public; Owner: orguser
--

CREATE INDEX accounts_customuser_username_722f3555_like ON public.accounts_customuser USING btree (username varchar_pattern_ops);


--
-- Name: auth_group_name_a6ea08ec_like; Type: INDEX; Schema: public; Owner: orguser
--

CREATE INDEX auth_group_name_a6ea08ec_like ON public.auth_group USING btree (name varchar_pattern_ops);


--
-- Name: auth_group_permissions_group_id_b120cbf9; Type: INDEX; Schema: public; Owner: orguser
--

CREATE INDEX auth_group_permissions_group_id_b120cbf9 ON public.auth_group_permissions USING btree (group_id);


--
-- Name: auth_group_permissions_permission_id_84c5c92e; Type: INDEX; Schema: public; Owner: orguser
--

CREATE INDEX auth_group_permissions_permission_id_84c5c92e ON public.auth_group_permissions USING btree (permission_id);


--
-- Name: auth_permission_content_type_id_2f476e4b; Type: INDEX; Schema: public; Owner: orguser
--

CREATE INDEX auth_permission_content_type_id_2f476e4b ON public.auth_permission USING btree (content_type_id);


--
-- Name: core_billclaim_approved_by_id_6c7bfce8; Type: INDEX; Schema: public; Owner: orguser
--

CREATE INDEX core_billclaim_approved_by_id_6c7bfce8 ON public.core_billclaim USING btree (approved_by_id);


--
-- Name: core_billclaim_expense_id_8fb0da51; Type: INDEX; Schema: public; Owner: orguser
--

CREATE INDEX core_billclaim_expense_id_8fb0da51 ON public.core_billclaim USING btree (expense_id);


--
-- Name: core_billclaim_submitter_id_bc438f27; Type: INDEX; Schema: public; Owner: orguser
--

CREATE INDEX core_billclaim_submitter_id_bc438f27 ON public.core_billclaim USING btree (submitter_id);


--
-- Name: core_customer_customer_id_afd69157_like; Type: INDEX; Schema: public; Owner: orguser
--

CREATE INDEX core_customer_customer_id_afd69157_like ON public.core_customer USING btree (customer_id varchar_pattern_ops);


--
-- Name: core_inventoryitem_part_code_43326f11_like; Type: INDEX; Schema: public; Owner: orguser
--

CREATE INDEX core_inventoryitem_part_code_43326f11_like ON public.core_inventoryitem USING btree (part_code varchar_pattern_ops);


--
-- Name: core_payment_customer_id_53bdf4d6; Type: INDEX; Schema: public; Owner: orguser
--

CREATE INDEX core_payment_customer_id_53bdf4d6 ON public.core_payment USING btree (customer_id);


--
-- Name: core_payment_invoice_number_898502c7_like; Type: INDEX; Schema: public; Owner: orguser
--

CREATE INDEX core_payment_invoice_number_898502c7_like ON public.core_payment USING btree (invoice_number varchar_pattern_ops);


--
-- Name: core_sale_created_by_id_522d3175; Type: INDEX; Schema: public; Owner: orguser
--

CREATE INDEX core_sale_created_by_id_522d3175 ON public.core_sale USING btree (created_by_id);


--
-- Name: core_sale_customer_id_2acb5b23; Type: INDEX; Schema: public; Owner: orguser
--

CREATE INDEX core_sale_customer_id_2acb5b23 ON public.core_sale USING btree (customer_id);


--
-- Name: core_sale_finalized_by_id_ae1f241d; Type: INDEX; Schema: public; Owner: orguser
--

CREATE INDEX core_sale_finalized_by_id_ae1f241d ON public.core_sale USING btree (finalized_by_id);


--
-- Name: core_sale_sale_number_0b5e2674_like; Type: INDEX; Schema: public; Owner: orguser
--

CREATE INDEX core_sale_sale_number_0b5e2674_like ON public.core_sale USING btree (sale_number varchar_pattern_ops);


--
-- Name: core_saleitem_inventory_item_id_e05c98e9; Type: INDEX; Schema: public; Owner: orguser
--

CREATE INDEX core_saleitem_inventory_item_id_e05c98e9 ON public.core_saleitem USING btree (inventory_item_id);


--
-- Name: core_saleitem_sale_id_ac8b60ae; Type: INDEX; Schema: public; Owner: orguser
--

CREATE INDEX core_saleitem_sale_id_ac8b60ae ON public.core_saleitem USING btree (sale_id);


--
-- Name: core_salepayment_receipt_number_285d3d9b_like; Type: INDEX; Schema: public; Owner: orguser
--

CREATE INDEX core_salepayment_receipt_number_285d3d9b_like ON public.core_salepayment USING btree (receipt_number varchar_pattern_ops);


--
-- Name: core_salepayment_sale_id_7de9b2ea; Type: INDEX; Schema: public; Owner: orguser
--

CREATE INDEX core_salepayment_sale_id_7de9b2ea ON public.core_salepayment USING btree (sale_id);


--
-- Name: core_stockhistory_item_id_f8456762; Type: INDEX; Schema: public; Owner: orguser
--

CREATE INDEX core_stockhistory_item_id_f8456762 ON public.core_stockhistory USING btree (item_id);


--
-- Name: django_admin_log_content_type_id_c4bce8eb; Type: INDEX; Schema: public; Owner: orguser
--

CREATE INDEX django_admin_log_content_type_id_c4bce8eb ON public.django_admin_log USING btree (content_type_id);


--
-- Name: django_admin_log_user_id_c564eba6; Type: INDEX; Schema: public; Owner: orguser
--

CREATE INDEX django_admin_log_user_id_c564eba6 ON public.django_admin_log USING btree (user_id);


--
-- Name: django_session_expire_date_a5c62663; Type: INDEX; Schema: public; Owner: orguser
--

CREATE INDEX django_session_expire_date_a5c62663 ON public.django_session USING btree (expire_date);


--
-- Name: django_session_session_key_c0390e0f_like; Type: INDEX; Schema: public; Owner: orguser
--

CREATE INDEX django_session_session_key_c0390e0f_like ON public.django_session USING btree (session_key varchar_pattern_ops);


--
-- Name: accounts_customuser_user_permissions accounts_customuser__customuser_id_0deaefae_fk_accounts_; Type: FK CONSTRAINT; Schema: public; Owner: orguser
--

ALTER TABLE ONLY public.accounts_customuser_user_permissions
    ADD CONSTRAINT accounts_customuser__customuser_id_0deaefae_fk_accounts_ FOREIGN KEY (customuser_id) REFERENCES public.accounts_customuser(id) DEFERRABLE INITIALLY DEFERRED;


--
-- Name: accounts_customuser_groups accounts_customuser__customuser_id_bc55088e_fk_accounts_; Type: FK CONSTRAINT; Schema: public; Owner: orguser
--

ALTER TABLE ONLY public.accounts_customuser_groups
    ADD CONSTRAINT accounts_customuser__customuser_id_bc55088e_fk_accounts_ FOREIGN KEY (customuser_id) REFERENCES public.accounts_customuser(id) DEFERRABLE INITIALLY DEFERRED;


--
-- Name: accounts_customuser_user_permissions accounts_customuser__permission_id_aea3d0e5_fk_auth_perm; Type: FK CONSTRAINT; Schema: public; Owner: orguser
--

ALTER TABLE ONLY public.accounts_customuser_user_permissions
    ADD CONSTRAINT accounts_customuser__permission_id_aea3d0e5_fk_auth_perm FOREIGN KEY (permission_id) REFERENCES public.auth_permission(id) DEFERRABLE INITIALLY DEFERRED;


--
-- Name: accounts_customuser_groups accounts_customuser_groups_group_id_86ba5f9e_fk_auth_group_id; Type: FK CONSTRAINT; Schema: public; Owner: orguser
--

ALTER TABLE ONLY public.accounts_customuser_groups
    ADD CONSTRAINT accounts_customuser_groups_group_id_86ba5f9e_fk_auth_group_id FOREIGN KEY (group_id) REFERENCES public.auth_group(id) DEFERRABLE INITIALLY DEFERRED;


--
-- Name: auth_group_permissions auth_group_permissio_permission_id_84c5c92e_fk_auth_perm; Type: FK CONSTRAINT; Schema: public; Owner: orguser
--

ALTER TABLE ONLY public.auth_group_permissions
    ADD CONSTRAINT auth_group_permissio_permission_id_84c5c92e_fk_auth_perm FOREIGN KEY (permission_id) REFERENCES public.auth_permission(id) DEFERRABLE INITIALLY DEFERRED;


--
-- Name: auth_group_permissions auth_group_permissions_group_id_b120cbf9_fk_auth_group_id; Type: FK CONSTRAINT; Schema: public; Owner: orguser
--

ALTER TABLE ONLY public.auth_group_permissions
    ADD CONSTRAINT auth_group_permissions_group_id_b120cbf9_fk_auth_group_id FOREIGN KEY (group_id) REFERENCES public.auth_group(id) DEFERRABLE INITIALLY DEFERRED;


--
-- Name: auth_permission auth_permission_content_type_id_2f476e4b_fk_django_co; Type: FK CONSTRAINT; Schema: public; Owner: orguser
--

ALTER TABLE ONLY public.auth_permission
    ADD CONSTRAINT auth_permission_content_type_id_2f476e4b_fk_django_co FOREIGN KEY (content_type_id) REFERENCES public.django_content_type(id) DEFERRABLE INITIALLY DEFERRED;


--
-- Name: core_billclaim core_billclaim_approved_by_id_6c7bfce8_fk_accounts_; Type: FK CONSTRAINT; Schema: public; Owner: orguser
--

ALTER TABLE ONLY public.core_billclaim
    ADD CONSTRAINT core_billclaim_approved_by_id_6c7bfce8_fk_accounts_ FOREIGN KEY (approved_by_id) REFERENCES public.accounts_customuser(id) DEFERRABLE INITIALLY DEFERRED;


--
-- Name: core_billclaim core_billclaim_expense_id_8fb0da51_fk_core_expense_id; Type: FK CONSTRAINT; Schema: public; Owner: orguser
--

ALTER TABLE ONLY public.core_billclaim
    ADD CONSTRAINT core_billclaim_expense_id_8fb0da51_fk_core_expense_id FOREIGN KEY (expense_id) REFERENCES public.core_expense(id) DEFERRABLE INITIALLY DEFERRED;


--
-- Name: core_billclaim core_billclaim_submitter_id_bc438f27_fk_accounts_customuser_id; Type: FK CONSTRAINT; Schema: public; Owner: orguser
--

ALTER TABLE ONLY public.core_billclaim
    ADD CONSTRAINT core_billclaim_submitter_id_bc438f27_fk_accounts_customuser_id FOREIGN KEY (submitter_id) REFERENCES public.accounts_customuser(id) DEFERRABLE INITIALLY DEFERRED;


--
-- Name: core_payment core_payment_customer_id_53bdf4d6_fk_core_customer_id; Type: FK CONSTRAINT; Schema: public; Owner: orguser
--

ALTER TABLE ONLY public.core_payment
    ADD CONSTRAINT core_payment_customer_id_53bdf4d6_fk_core_customer_id FOREIGN KEY (customer_id) REFERENCES public.core_customer(id) DEFERRABLE INITIALLY DEFERRED;


--
-- Name: core_sale core_sale_created_by_id_522d3175_fk_accounts_customuser_id; Type: FK CONSTRAINT; Schema: public; Owner: orguser
--

ALTER TABLE ONLY public.core_sale
    ADD CONSTRAINT core_sale_created_by_id_522d3175_fk_accounts_customuser_id FOREIGN KEY (created_by_id) REFERENCES public.accounts_customuser(id) DEFERRABLE INITIALLY DEFERRED;


--
-- Name: core_sale core_sale_customer_id_2acb5b23_fk_core_customer_id; Type: FK CONSTRAINT; Schema: public; Owner: orguser
--

ALTER TABLE ONLY public.core_sale
    ADD CONSTRAINT core_sale_customer_id_2acb5b23_fk_core_customer_id FOREIGN KEY (customer_id) REFERENCES public.core_customer(id) DEFERRABLE INITIALLY DEFERRED;


--
-- Name: core_sale core_sale_finalized_by_id_ae1f241d_fk_accounts_customuser_id; Type: FK CONSTRAINT; Schema: public; Owner: orguser
--

ALTER TABLE ONLY public.core_sale
    ADD CONSTRAINT core_sale_finalized_by_id_ae1f241d_fk_accounts_customuser_id FOREIGN KEY (finalized_by_id) REFERENCES public.accounts_customuser(id) DEFERRABLE INITIALLY DEFERRED;


--
-- Name: core_saleitem core_saleitem_inventory_item_id_e05c98e9_fk_core_inve; Type: FK CONSTRAINT; Schema: public; Owner: orguser
--

ALTER TABLE ONLY public.core_saleitem
    ADD CONSTRAINT core_saleitem_inventory_item_id_e05c98e9_fk_core_inve FOREIGN KEY (inventory_item_id) REFERENCES public.core_inventoryitem(id) DEFERRABLE INITIALLY DEFERRED;


--
-- Name: core_saleitem core_saleitem_sale_id_ac8b60ae_fk_core_sale_id; Type: FK CONSTRAINT; Schema: public; Owner: orguser
--

ALTER TABLE ONLY public.core_saleitem
    ADD CONSTRAINT core_saleitem_sale_id_ac8b60ae_fk_core_sale_id FOREIGN KEY (sale_id) REFERENCES public.core_sale(id) DEFERRABLE INITIALLY DEFERRED;


--
-- Name: core_salepayment core_salepayment_sale_id_7de9b2ea_fk_core_sale_id; Type: FK CONSTRAINT; Schema: public; Owner: orguser
--

ALTER TABLE ONLY public.core_salepayment
    ADD CONSTRAINT core_salepayment_sale_id_7de9b2ea_fk_core_sale_id FOREIGN KEY (sale_id) REFERENCES public.core_sale(id) DEFERRABLE INITIALLY DEFERRED;


--
-- Name: core_stockhistory core_stockhistory_item_id_f8456762_fk_core_inventoryitem_id; Type: FK CONSTRAINT; Schema: public; Owner: orguser
--

ALTER TABLE ONLY public.core_stockhistory
    ADD CONSTRAINT core_stockhistory_item_id_f8456762_fk_core_inventoryitem_id FOREIGN KEY (item_id) REFERENCES public.core_inventoryitem(id) DEFERRABLE INITIALLY DEFERRED;


--
-- Name: django_admin_log django_admin_log_content_type_id_c4bce8eb_fk_django_co; Type: FK CONSTRAINT; Schema: public; Owner: orguser
--

ALTER TABLE ONLY public.django_admin_log
    ADD CONSTRAINT django_admin_log_content_type_id_c4bce8eb_fk_django_co FOREIGN KEY (content_type_id) REFERENCES public.django_content_type(id) DEFERRABLE INITIALLY DEFERRED;


--
-- Name: django_admin_log django_admin_log_user_id_c564eba6_fk_accounts_customuser_id; Type: FK CONSTRAINT; Schema: public; Owner: orguser
--

ALTER TABLE ONLY public.django_admin_log
    ADD CONSTRAINT django_admin_log_user_id_c564eba6_fk_accounts_customuser_id FOREIGN KEY (user_id) REFERENCES public.accounts_customuser(id) DEFERRABLE INITIALLY DEFERRED;


--
-- PostgreSQL database dump complete
--

\unrestrict te7dznlRDskqj6qSLqXqEOLoK6HxanuCVjODsXlJyipm3KRe5GUNyRoiY1JnOgi

